Segment,Lift,Avg Without,Avg With
Nouveau,6.275458163363989,4934.3147008547,5243.9655555555555
Occasionnel,,1804.4099999999999,
