Model,MAE,RMSE,R2
Linear Regression,242.82573452538134,789.9271539574612,0.9318723200706777
Ridge,244.38547882421767,790.2693810757148,0.9318132761703114
Random Forest,231.22045642185435,802.1411163144197,0.9297492331373517
Gradient Boosting,229.7583337457404,827.963894867896,0.9251533596339825
