Scenario,Avg Transaction,Total Revenue,Lift vs No Promo
Sans Promotion,4985.697115418734,638169.230773598,0.0
Promo 5%,4991.368267953147,638895.1382980028,0.1137484368409325
Promo 10%,4993.072495309437,639113.2793996079,0.14793076514603154
Promo 15%,4992.963902340687,639099.379499608,0.14575267517715762
Promo 20%,4992.965512496938,639099.585599608,0.1457849706859582
